No,Sanatci / Ses Sahibi,Parca / Ses Adi,Aciklama / Hashtagler,Goruntulenme,Goruntulenme (Sayi),Olusturan
1,KURD UP,Originalton,#anılar,1186,1186,O bir defineci
2,Sevinç🦋,orijinal ses,#keşfet,1415,1415,O bir defineci
3,BABALARIN BABASI MÜSLÜM BABA,orijinal ses,"The support is unreal! Hit follow, join the fun #tiktoklive #livehighlights",1078,1078,O bir defineci
4,can 🌹,orijinal ses,#keşfet,2466,2466,O bir defineci
5,Burak_music44,Originalton,#anılar,6781,6781,O bir defineci
6,Mem Ararat,Xaçirêk,#keşfet,5713,5713,O bir defineci
7,⚔️JesusAs ⚔️,orijinal ses,#anılar,6696,6696,O bir defineci
8,Mem Ararat,Xaçirêk,#anılar,3473,3473,O bir defineci
9,delildilanarofficial,orijinal ses,#anılar,32K,32000,O bir defineci
10,ÇORUMLU HAKAN,orijinal ses,#anılar,2593,2593,O bir defineci
11,O bir defineci,orijinal ses,#anılar,1788,1788,O bir defineci
12,Yusuf Can Türkmen,orijinal ses,#anılar,13.1K,13100,O bir defineci
13,ℍ𝕀ℙ𝔼ℝ,orijinal ses,#trend #onthisday #parati #greenscreen #love,3485,3485,O bir defineci
14,KURD UP,Originalton,#anılar,12.8K,12800,O bir defineci
15,Bavê Can,الصوت الأصلي,#anılar,6095,6095,O bir defineci
16,muzik.kurdi1,orijinal ses,#anılar,5020,5020,O bir defineci
17,O bir defineci,orijinal ses,#anılar,2765,2765,O bir defineci
18,SİDRE,orijinal ses,#anılar,3474,3474,O bir defineci
19,ᴋᴜ̈ʀᴅ ᴍᴀᴍɪ̇,orijinal ses,#anılar,23.3K,23300,O bir defineci
20,🅑🅞🅩🅞,orijinal ses,#viraltiktok #keşfet,8370,8370,O bir defineci
21,delildilanarofficial,orijinal ses,#anılar,3175,3175,O bir defineci
22,O bir defineci,orijinal ses,#anılar,2621,2621,O bir defineci
23,Fettah Güven Diyadin 04,orijinal ses,#anılar,2541,2541,O bir defineci
24,Cemşi 21,orijinal ses,#anılar,2841,2841,O bir defineci
25,🎶MUHAMMET ARAS🎶FAN,orijinal ses,#keşfet #love #greenscreen #viraltiktok #öneal,44.5K,44500,O bir defineci
26,✹𓃵MͩEͤZͮOPͩOͤTͮAͬMͥYͫA✹𓃵,orijinal ses,,5058,5058,O bir defineci
27,𝔻𝕖𝕣𝕤𝕚𝕞𝕝𝕚 𝕞𝕦𝕣𝕒𝕥,orijinal ses,#anılar,2555,2555,O bir defineci
28,O bir defineci,orijinal ses,,8144,8144,O bir defineci
29,O bir defineci,orijinal ses,#anılar,3488,3488,O bir defineci
30,Romence pirens,orijinal ses,#anılar,2421,2421,O bir defineci
31,O bir defineci,orijinal ses,#anılar,32.6K,32600,O bir defineci
32,O bir defineci,orijinal ses,#anılar,2971,2971,O bir defineci
33,👑Ali.👑,الصوت الأصلي,#anime #trend #explore #fypシ゚,3189,3189,O bir defineci
34,O bir defineci,orijinal ses,#anılar,4348,4348,O bir defineci
35,Romence pirens,orijinal ses,#anılar,5157,5157,O bir defineci
36,DersimTV,Originalton,#kf #dance #humor #keşfet #xyzbca,2447,2447,O bir defineci
37,Muzîkên Kurdî | Kurdish Songs,orijinal ses,#anılar #defi,6269,6269,O bir defineci
38,🥀zana birindare🥀,orijinal ses,#anılar,3018,3018,O bir defineci
39,Kadir Baş Erbaa Sokutaş lı 60,orijinal ses,#anılarım #keşfet #humor #dance#kf,2617,2617,O bir defineci
40,O bir defineci,orijinal ses,#anılar,30.7K,30700,O bir defineci
41,Uğur Şimşek,Zilli Avrat & Kar Yolla,#anılar #xyzbca #trend #dance #kf,3681,3681,O bir defineci
42,Ayşe Şewaqî,Pezkuvî,#anılar #defineciler #anime #aaa #defi,5542,5542,O bir defineci
43,🥀zana birindare🥀,orijinal ses,#keşfet #kf #dance #trend #xyzbca,6974,6974,O bir defineci
44,olgaamiyan,original sound,#xyzbca #trend #dance #kf #keşfet,6900,6900,O bir defineci
45,Ayşe Şewaqî,orijinal ses,#anılar #dance #defender #defi #aaa,5398,5398,O bir defineci
46,Zone Ma,orijinal ses,#keşfet #kf #dance #trend #xyzbca,2854,2854,O bir defineci
47,Ayşe Şewaqî,orijinal ses,#xyzbca #trend #dance #kf #keşfet,3066,3066,O bir defineci
48,O bir defineci,orijinal ses,#tik_tok #defineciler #trend #EF #mezmur,2566,2566,O bir defineci
49,Yiğit İnsanların Türküleri,Yiğit İnsanların Türküleri - orijinal ses,#keşfet #kf #dance #trend #xyzbca,2741,2741,O bir defineci
50,Ɓeysu Ɓaşkan✌️📿,orijinal ses,#keşfet,43K,43000,O bir defineci
51,illegalask_62,orijinal ses,#xyzbca #goviral #keşfet #humor #dance,46.1K,46100,O bir defineci
52,Delîl Dîlanar,Derweşe Evdi,#trend #keşfet #humor #goviral #xyzbca,2569,2569,O bir defineci
53,Kadir Baş Erbaa Sokutaş lı 60,orijinal ses,#defineciler #keşfet #tik_tok #,4839,4839,O bir defineci
54,Bacımsu Bostan,orijinal ses,#xyzbca #şarkı #humor #goviral #dance,17.1K,17100,O bir defineci
55,Bacımsu Bostan,orijinal ses,#dance #goviral #humor #şarkı #xyzbca,3273,3273,O bir defineci
56,dr.faust09,Originalton,#f #tiktokviral #tiktokindia #trend #keşfet,3517,3517,O bir defineci
57,Erdem Uygur,orijinal ses,#anılar #trend #tiktokindia #tiktokviral #f,2545,2545,O bir defineci
58,44.yüksel Arpacı.44,orijinal ses,#anılar#f #trend #tiktokindia #tiktokviral,3369,3369,O bir defineci
59,Yusuf Can Türkmen,orijinal ses,#tik_tok,5392,5392,O bir defineci
60,İstanbul Sevdalısı.34.57,orijinal ses,#tik_tok,7489,7489,O bir defineci
61,dr.faust09,Originalton,#anılar #keşfet,3049,3049,O bir defineci
62,44.yüksel Arpacı.44,orijinal ses,,4255,4255,O bir defineci
63,𝑩𝒆𝒌𝒊𝒓 𝑴𝒖𝒔𝒕𝒂𝒇𝒂27,orijinal ses,#keşfet #keşfetteyizzz #anime #CEL #efkar,16K,16000,O bir defineci
64,Kaşanlı Emiş,orijinal ses,,2373,2373,O bir defineci
65,HEWİ✌🏿🖤🥀,orijinal ses,#anılar,33.6K,33600,O bir defineci
66,O bir defineci,orijinal ses,#anılar,2971,2971,O bir defineci
67,Վան   Բիթլիս 𒆜𓊉꧂,orijinal ses,#keşfet,3959,3959,O bir defineci
68,Serkan Kanîreş,orijinal ses,,3031,3031,O bir defineci
69,𝑩𝒆𝒌𝒊𝒓 𝑴𝒖𝒔𝒕𝒂𝒇𝒂27,orijinal ses,,2321,2321,O bir defineci
70,♥️hayat ne garip ane♥️♥️,orijinal ses,,24.9K,24900,O bir defineci
71,kurdarchive,kurdarchive - orijinal ses,#anılar,74.8K,74800,O bir defineci
72,MISHA_EZDI,оригинальный звук,,3899,3899,O bir defineci
73,akif.ozek,orijinal ses,,2572,2572,O bir defineci
74,JaPoN MecNuR TopRaK,orijinal ses,,2728,2728,O bir defineci
75,Musa Eroğlu,İlme Değer Verdim,,3264,3264,O bir defineci
76,MISHA_EZDI,оригинальный звук,,1985,1985,O bir defineci
77,Yemci Fesih Mamuncu,orijinal ses,#keşfet,2218,2218,O bir defineci
78,🎥🎵SERHAT✅️3️⃣6️⃣🎵🎥,orijinal ses,#keşfet,9424,9424,O bir defineci
79,Cano İbo,orijinal ses,,2854,2854,O bir defineci
80,Munzur🌹,orijinal ses,,5555,5555,O bir defineci
81,sudeelilonline,orijinal ses,#keşfet,11.5K,11500,O bir defineci
82,ERA,The Mass,#keşfet,1973,1973,O bir defineci
83,ÖMƏR..1990,original sound,#keşfet,3663,3663,O bir defineci
84,Darya Ebrahimi,original sound,#keşfet,2094,2094,O bir defineci
85,Seçil Ezircan,orijinal ses,,2219,2219,O bir defineci
86,Reso,Zerdûşt,Zerdüşt peygamber,4273,4273,O bir defineci
87,user13763600524,orijinal ses,#keşfet,30.4K,30400,O bir defineci
88,ERA,Ameno - Remix,#keşfet,12.4K,12400,O bir defineci
89,Ömer amed75,orijinal ses,#keşfet,6620,6620,O bir defineci
90,کاروان,Originalton,#keşfet,2745,2745,O bir defineci
91,TRT Müzik,original sound - TRT Müzik,#keşfet,3448,3448,O bir defineci
92,🎶ÇİSEM🎶61🇹🇷55,orijinal ses,,4193,4193,O bir defineci
93,renas yolbilen,EZ DILGEŞE CANIM - COVER,,13.7K,13700,O bir defineci
94,1heval__,orijinal ses,,2562,2562,O bir defineci
95,Redkit TV,Redkit TV - orijinal ses,#anılar,6306,6306,O bir defineci
96,Rebecca Mia,Yabancıyım Kendime,#keşfetteyizzz,4901,4901,O bir defineci
97,Masiroj Produktion,JekTV_international - orijinal ses,#kf #defisitkalori #mezmur #mezarcı #k #defineciler #defender #keşfetteyizzz #kefşetbeni #keşfet,7427,7427,O bir defineci
98,🅨︎🅤︎🅝︎🅤︎🅢︎ 🅢︎İ🅟︎🅐︎🅝︎,orijinal ses,#kf,5245,5245,O bir defineci
99,misracglr,orijinal ses,#kf #kefşetbeni #keşfet #keşfetteyizzz #defender #defineciler #k #mezarcı #mezmur #defisitkalori #kf,21K,21000,O bir defineci
100,🅨︎🅤︎🅝︎🅤︎🅢︎ 🅢︎İ🅟︎🅐︎🅝︎,orijinal ses,#kf,28.4K,28400,O bir defineci
101,༄ 𝔸𝕝𝕒𝕟༄,Originalton,#kf,5505,5505,O bir defineci
102,MISHA_EZDI,оригинальный звук,#keşfet #defineciler #k #mezarcı #mezmur #defisitkalori #defender #kf #keşfetteyizzz #kefşetbeni,4153,4153,O bir defineci
103,O bir defineci,orijinal ses,#keşfet,2515,2515,O bir defineci
104,e1yaz__1,Originalton,#defineciler #keşfet #k #mezarcı #mezmur #defisitkalori #defender #kf #keşfetteyizzz #kefşetbeni,3785,3785,O bir defineci
105,T Ü R K Ü  S O K A Ğ I,orijinal ses,#keşfet #defineciler #,5001,5001,O bir defineci
106,Mamostesezer,orijinal ses,#kefşet #kefşetbeni #defineci #defi #keşfet #efkar #CEL #anime,14K,14000,O bir defineci
107,🇩🇪❤️جان  جان ❤️🇩🇪,الصوت الأصلي,#kefşetbeni #keşfet #keşfetteyizzz #kf #defender #defisitkalori #defineciler #mezarcı #mezmur,2735,2735,O bir defineci
108,FLKLORE DEVERA BADINAN,original sound,#kesfet #keşfet #defense #ef #deficitcalorico #defender #defense #defineci #defi #kefşetbeni #kefşet,11.9K,11900,O bir defineci
109,𝐌𝐀𝐌𝐎 𝐀𝐅𝐑İ𝐍 366 🕊️,الصوت الأصلي,#kefetteyiz #efootballmobile #defineciler #kefşett #kesfetteyiz #define #definearama #mezarcı #dance #ef #keşfet,6405,6405,O bir defineci
110,Meral Alkan,orijinal ses,#definearama #define #kesfetteyiz #kefşett #defineciler #kefetteyiz #efootballmobile,44.1K,44100,O bir defineci
111,Fairuz,El Massih Kaam,#kefetteyiz #efootballmobile #defender #defisitkalori #ef #defineciler #kefşett #dance #kesfetteyiz #define #definearama #mezarcı,6733,6733,O bir defineci
112,Fᴀʀɪᴅᴀ KURDÎ ⚘️,orijinal ses,#kesfetteyiz #dance #kefşett #defineciler #ef #defisitkalori #kefetteyiz #defender #efootballmobile,12.3K,12300,O bir defineci
113,__pivok__,orijinal ses,#kesfetteyiz #kefşet #keşfet #defender #define,10.7K,10700,O bir defineci
114,denizersin36,orijinal ses,#kefşet #defineciler #keşfetteyizzz #,10.2K,10200,O bir defineci
115,🅱🆈.🅷🅰🅻🅸̇🅻💎,orijinal ses,#kesfetteyiz #kefşet,4098,4098,O bir defineci
116,Munzur,orijinal ses,#kefşet,30.7K,30700,O bir defineci
117,Harun Tunç,orijinal ses,#defisitkalori #kefetteyiz #defender #define #definearama #ef #defineciler #kefşett #kesfetteyiz #dance,10.8K,10800,O bir defineci
118,Sevgi Nur Ayaz,orijinal ses,#dance #kesfetteyiz #kefşett #defineciler #ef #definearama #define #defender #kefetteyiz #defisitkalori,6164,6164,O bir defineci
119,Denge Kurdi,orijinal ses,#define #defender #kefetteyiz #defisitkalori #definearama #ef #defineciler #kefşett #kesfetteyiz #dance,50K,50000,O bir defineci
120,Levent Aktaş,orijinal ses,#kefşett #kesfetteyiz #defineciler #defisitkalori #ef #definearama #defisitkalori #kefetteyiz #defender #define,75.3K,75300,O bir defineci
121,مصطفى صبري,الصوت الأصلي,#kesfetteyiz,4298,4298,O bir defineci
122,M Semih T,orijinal ses,#kefşet,8579,8579,O bir defineci
123,Ian Post,Yole Kross Ayle (The Song of the Dead),#kefşet,7492,7492,O bir defineci
124,Hüseyin 6565,orijinal ses,#kefşett,30.3K,30300,O bir defineci
125,Munzur,orijinal ses,#kefşett #defineciler #defisitkalori #ef #definearama #define #defender #kefetteyiz #keşfet,10.2K,10200,O bir defineci
126,Şahin Çelik,orijinal ses,#kefşett,5418,5418,O bir defineci
127,🍂Zeynep🍂,orijinal ses,#kefetteyiz #defender #define #definearama #kefşett #ef #defisitkalori #defineciler,18.1K,18100,O bir defineci
128,Kaos Production,Ex Production Serayê KURDİSH REMİX,#kefşett #ef #kefetteyiz #definearama #define #defender #kefşetbeni,3360,3360,O bir defineci
129,Hewi🌙 ރ⁶⁵,orijinal ses,#kefşet,5094,5094,O bir defineci
130,Anonim Muhabir,orijinal ses,#kefşett,4395,4395,O bir defineci
131,user44660778002,orijinal ses,,5641,5641,O bir defineci
132,bahozbakur1,orijinal ses,#kefşett,8979,8979,O bir defineci
133,Efrîna min,الصوت الأصلي,#define #definearama #kefetteyiz #ef #kefşett,33.7K,33700,O bir defineci
134,Hewi🌙 ރ⁶⁵,orijinal ses,#keşfet,7418,7418,O bir defineci
135,Sezai,orijinal ses,#kefşet,22.9K,22900,O bir defineci
136,adelafrini,الصوت الأصلي,#define #ef #defineciler #kefetteyiz #keşfet #mezopotamya #definearama,9414,9414,O bir defineci
137,"""مهستی""",original sound,#keşfetteyizzz #defense #define #kefşet #ef #defisitkalori #deficitcalorico,13.7K,13700,O bir defineci
138,Mehdî Mêhvane,Originalton,#keşfet #kefetteyiz #define #defineciler #ef,22.7K,22700,O bir defineci
139,user44660778002,orijinal ses,#defisitkalori #ef #kefşet #define #defense #keşfetteyizzz,4809,4809,O bir defineci
140,Rojda şenses,orijinal ses,#keşfet,48K,48000,O bir defineci
141,ÇETO MEDYA,orijinal ses,#keşfet #define #define #kefetteyiz #defineciler,12.4K,12400,O bir defineci
142,sinan koçak,orijinal ses,#keşfet,3670,3670,O bir defineci
143,ezeldemirel,orijinal ses,#define #keşfetteyizzz #kefşet #defisitkalori #ef,25K,25000,O bir defineci
144,BAVE DILYAR💚☀️❤️,الصوت الأصلي,#defender #kefşetbeni #ef #defineciler #kefset #kefetteyiz #keşfet #define #mezopotamya,9505,9505,O bir defineci
145,🎶EZDI🎶 MUSIC🎶,оригинальный звук,#kefset #defineciler #ef #kefşetbeni #defender,5702,5702,O bir defineci
146,user36360938076,orijinal ses,#defender #kefşetbeni #ef #defineciler #kefset,3190,3190,O bir defineci
147,user86991008439,Originalton,#defense #defisitkalori #kefşet #keşfetteyizzz #define,3422,3422,O bir defineci
148,CîRO,orijinal ses,#kefset #defineciler #ef #kefşetbeni #defender,2970,2970,O bir defineci
149,user73391075811,orijinal ses,#kefset #defineciler #kefşetbeni #ef,29.8K,29800,O bir defineci
150,Fᴀʀɪᴅᴀ KURDÎ ⚘️,orijinal ses,#defineciler #kefset,4375,4375,O bir defineci
151,,,#kefetteyiz #kefşetbeni #kefset #defineciler,3863,3863,O bir defineci
152,Ez kesek im ku di êşê de dijî,orijinal ses,#defineciler #kefset #kefşetbeni #kefetteyiz,7046,7046,O bir defineci
153,Cano İbo,orijinal ses,#define #kefseteyiz #kefset #defineciler,7243,7243,O bir defineci
154,Fᴀʀɪᴅᴀ KURDÎ ⚘️,orijinal ses,#kesfet #defineciler,2738,2738,O bir defineci
155,MUHAMMED👑👑👑,orijinal ses,#kesfet #,2845,2845,O bir defineci
156,𝓒𝓪𝓷𝓮_47,Originalton,#defi #defender #keşfetteyizzz #keşfet #efkar #tik_tok,5706,5706,O bir defineci
157,müşfiq_dağlar_oğlu,orijinal ses,#keşfet,2598,2598,O bir defineci
158,🌊 Kemal Sunal short 🌊,orijinal ses,#kefseteyiz #keşfet,2960,2960,O bir defineci
159,ihsan YALVARMAZ,orijinal ses,#kefşetbeni #kefset #kefseteyiz #define,23.1K,23100,O bir defineci
160,Keça Kobani,الصوت الأصلي,#keşfetteyizzz #keşfet,2348,2348,O bir defineci
161,Vian❤🦚🦚👑,Originalton,#keşfetteyizzz,7072,7072,O bir defineci
162,Irak Türkleri,orijinal ses,#keşfetteyizzz #keşfet,2539,2539,O bir defineci
163,YERAZ🤘Qarabağ veteranı 🏅🎖️,orijinal ses,#kefseteyiz #keşfet,9939,9939,O bir defineci
164,𝑌𝑎𝑧𝑌𝑎ğ𝑚𝑢𝑟𝑢𝑚..,orijinal ses,#keşfet #kefseteyiz,2604,2604,O bir defineci
165,BURHAN ÇETİN,orijinal ses,#keşfet,2679,2679,O bir defineci
166,jemilealyousuf(Pire),originalljud,#keşfet,5460,5460,O bir defineci
167,Alevi✌️im,Originalton,#keşfet,35.2K,35200,O bir defineci
168,Şeroyê Biro,Desmala Min,#keşfet,2481,2481,O bir defineci
169,Carlos Estella,Flying Beyond the Sky,#keşfet,8955,8955,O bir defineci
170,🄲🄶🅂 🄾🄵🄵🄸🄲🄸🄰🄻,orijinal ses,#keşfet,2938,2938,O bir defineci
171,user49655852229,orijinal ses,#keşfet,39.2K,39200,O bir defineci
172,👑 Emirhan Akkuş 👑,orijinal ses,#keşfet,14.1K,14100,O bir defineci
173,Aram Tîgran,Rıhe,#keşfet,2574,2574,O bir defineci
174,YERAZ🤘Qarabağ veteranı 🏅🎖️,orijinal ses,#keşfet,2344,2344,O bir defineci
175,Sehmus Temel🎼,orijinal ses,#keşfet,6392,6392,O bir defineci
176,user25195426151,orijinal ses,#keşfet #,27.8K,27800,O bir defineci
177,Hewidar,orijinal ses,#keşfet,56.4K,56400,O bir defineci
178,user13017432290,original sound,#keşfet,8068,8068,O bir defineci
179,Sivaslı kara,orijinal ses,#ef,7808,7808,O bir defineci
180,Aram Tigran,Gelo Ew Ki Bu ?,#keşfet #keşfetteyizzz,2742,2742,O bir defineci
181,kadir3065,orijinal ses,#keşfet,6451,6451,O bir defineci
182,user02434698443,Originalton,#keşfet,3353,3353,O bir defineci
183,O bir defineci,orijinal ses,#keşfet,2485,2485,O bir defineci
184,DEMA GEL,orijinal ses,#defineciler #keşfet,10.1K,10100,O bir defineci
185,,,#keşfet #defineciler,38.1K,38100,O bir defineci
186,DEMA GEL,orijinal ses,#keşfet,3317,3317,O bir defineci
187,CîRO,orijinal ses,#ef #keşfet,2782,2782,O bir defineci
188,🤍🅴🆉🅸🅳🅸🆈🅰️,الصوت الأصلي,#ef #defineciler #keşfet,17.6K,17600,O bir defineci
189,Suleyman Hüseyin💎,orijinal ses,#ef,13.2K,13200,O bir defineci
190,1 Dakika Kürtçe,1 Dakika Kürtçe - orijinal ses,#ef,22.4K,22400,O bir defineci
191,𝕯𝖊𝖗𝖝𝖔_12🖤,orijinal ses,,6472,6472,O bir defineci
192,mert,orijinal ses,#keşfetteyizzz #define #defineciler,13.3K,13300,O bir defineci
193,O bir defineci,orijinal ses,#anılar #definear #define #revenge #definefreshchallenge #efkarli1adam #kefşett #reviewanngon #efkar #defi #definefreshchallenge #yeziden #kefşetbeni #edit #keşfetteyizzz #doguinho #deficitcalorico,11.5K,11500,O bir defineci
194,O bir defineci,orijinal ses,#mezopotamya #ermenistan #yeziden #kefşetbeni #edit #efkar #keşfetteyizzz #doguinho #deficitcalorico #defi #efkar #reviewanngon #kefşett #efkarli1adam #definefreshchallenge #revenge #define #definear,4533,4533,O bir defineci
195,O bir defineci,orijinal ses,#kefşett,2302,2302,O bir defineci
196,,,#kefşett,4296,4296,O bir defineci
197,04_Hewi_04,orijinal ses,#ef,2483,2483,O bir defineci
198,Nizamettin Ariç,Ay Dil,#define #defi #ermenistan #mezopotamya #yeziden #kefşetbeni #edit #efkar #keşfetteyizzz #doguinho #efkarli1adam #keşfet #definefreshchallenge #revenge #reviewanngon,5968,5968,O bir defineci
199,AZİZ TEK,orijinal ses,#mezopotamya#ermenistan #defi #define,2844,2844,O bir defineci
200,,,#kefşetbeni,5544,5544,O bir defineci
201,💔zalimin kızı💔,orijinal ses,#keşfet #mezopotamya #erivan #defineciler #kefşetbeni #feke #anılar #defisitkalori #keşfetteyizzz,2727,2727,O bir defineci
202,urfa ve tarih,orijinal ses,#keşfet #kur #mezarcı #mezopotamya #kurdishgirl #defi #defineciler #definefreshchallenge #kefşetbeni,14.2K,14200,O bir defineci
203,TRT Kurdi TV,TRT Kurdi TV - orijinal ses,,14.4K,14400,O bir defineci
204,Ezdixan,оригинальный звук,#keşfet #mezopotamya #defense #definefreshchallenge,2338,2338,O bir defineci
205,Şeroyê Biro,Bedewê,#mezopotamya #erivan,2716,2716,O bir defineci
206,AZİZ TEK,orijinal ses,#mezopotamya #keşfet #kefşetbeni #defineciler #keşfetteyizzz,4483,4483,O bir defineci
207,kemal_sunalfilm,orijinal ses,#mezopotamya #defisitkalori #keşfetteyizzz #kefşet #defineciler #define #anılar #definefreshchallenge #efkar #edit #feke #kefşetbeni #keşfet,4520,4520,O bir defineci
208,Leyla🦚,originalljud,#mezopotamya #efkarli1adam #ef #definebulma #deficitcalorico #defisitkalori #define #kefşet #defineciler #keşfetteyizzz #efkar #kefşetbeni,11K,11000,O bir defineci
209,Karadeniz Nağmeleri,orijinal ses,#kefetteyiz #efkar #keşfetteyizzz #doguinho #kefşet #define #defisitkalori #deficitcalorico #definebulma #ef #efkarli1adam #mezopotamya,7803,7803,O bir defineci
210,Sami Yusuf,original sound,#mezopotamya #definefreshchallenge #defineciler #defisitkalori #kefşet #keşfetteyizzz #define #anılar #efkar #kefetteyiz #doguinho,10.2K,10200,O bir defineci
211,merwan968,orijinal ses,#mezopotamya #kefşet #defisitkalori #defineciler #definefreshchallenge,34.2K,34200,O bir defineci
212,ابو رودي,الصوت الأصلي,#keşfetteyizzz #kefşet #defisitkalori #defineciler #define #anılar #definefreshchallenge #efkar #edit #feke #kefetteyiz #mezopotamya,35.4K,35400,O bir defineci
213,user98728770565,الصوت الأصلي,#mezopotamya #feke #edit #efkar #definefreshchallenge #anılar #define #defineciler #kefşet #keşfetteyizzz #defisitkalori,37.4K,37400,O bir defineci
214,urfa ve tarih,orijinal ses,#kefşetbeni,29.3K,29300,O bir defineci
215,XECÊ HERDEM FAN👑,orijinal ses,#kefşet #kefşetteyizz #kefetteyiz #kefşetbeni,28.4K,28400,O bir defineci
216,stranekurdi,orijinal ses,#keşfet #defineciler,2888,2888,O bir defineci
217,@Valateme,orijinal ses,#keşfet,6107,6107,O bir defineci
218,Sehfe Satılır 💸,orijinal ses,#keşfetteyizzz #efkar #defineciler #keşfet #definefreshchallenge #define,27.3K,27300,O bir defineci
219,MUZÎKA KURDÎ,orijinal ses,#feke #edit #keşfet #keşfetteyizzz #defineciler #define #efkar #definefreshchallenge #defisitkalori,20.6K,20600,O bir defineci
220,Kurtuluş❤DoğuKars İstanbul,orijinal ses,#definefreshchallenge #efkar #define #defineciler #keşfetteyizzz #keşfet #edit #feke,15K,15000,O bir defineci
221,𝐁𝐞𝐫𝐳𝐚𝐧𝐱𝟒𝟗,orijinal ses,#keşfet,2591,2591,O bir defineci
222,EᖇEᑎ ᗪEᖇᔕİᗰ,orijinal ses,#keşfetteyizzz #keşfet #define #defineciler,2599,2599,O bir defineci
223,denizersin36,orijinal ses,#efkarli1adam #keşfetteyizzz #keşfet #defisitkalori #defineciler #define,2080,2080,O bir defineci
224,Kurdish Music 21,الصوت الأصلي,#keşfet #keşfetteyizzz,1751,1751,O bir defineci
225,Sarı Gül,orijinal ses,#keşfetteyizzz #keşfet #defineciler #ef,1827,1827,O bir defineci
226,firdevsmusic,orijinal ses,#gomubulma #deficitcalorico #define #definebulma #defineciler #keşfet #keşfetteyizzz,2065,2065,O bir defineci
227,mertTunc27,orijinal ses,#defineciler #definebulma #define #deficitcalorico #gomubulma,16.9K,16900,O bir defineci
228,,,#deficitcalorico #define #definebulma #defineciler #defineciler,7166,7166,O bir defineci
229,Irak Türkleri,orijinal ses,#defineciler,1993,1993,O bir defineci
230,STORİLİK,orijinal ses,#keşfetteyizzz #keşfet #defineciler #tarihikentmardin #efkar,2388,2388,O bir defineci
231,O bir defineci,orijinal ses,#hayvansevgisi #defineciler #keşfet #keşfetteyizzz #hayvanlarıkoruyalım,1783,1783,O bir defineci
232,O bir defineci,orijinal ses,#keşfet,1688,1688,O bir defineci
233,O bir defineci,orijinal ses,#keşfetteyizzz #keşfet,1959,1959,O bir defineci
234,Sami Yusuf,original sound,#efkar #keşfet #keşfetteyizzz #defineciler,2122,2122,O bir defineci
235,,,#defineciler #keşfetteyizzz #keşfet #efkar,12.5K,12500,O bir defineci
236,XECÊ HERDEM FAN👑,orijinal ses,#efk #keşfet #keşfetteyizzz #defineciler #define,2382,2382,O bir defineci
237,All.Ezidi,Originalton,#keşfetteyizzz #fke #keşfet #efk,13.5K,13500,O bir defineci
238,kocbertv,orijinal ses,#efk #keşfet #defi #defineciler #defisitkalori,7522,7522,O bir defineci
239,Yusuf Roman,Hayho,#keşfet #definebulma #define,26.1K,26100,O bir defineci
240,,original sound,#define #keşfet,2804,2804,O bir defineci
241,Hewi🌙 ރ⁶⁵,orijinal ses,#keşfet,2152,2152,O bir defineci
242,Hamitkaradeniz_official ☑️,orijinal ses,#keşfet,3096,3096,O bir defineci
243,Mir Perwer,orijinal ses,#keşfet #defineci,13.4K,13400,O bir defineci
244,Aşık Veysel,Benim Sadık Yarim Kara Topraktır,#kefseteyiz #tiktok,21.1K,21100,O bir defineci
245,R.Ergenekon,orijinal ses,#defineci #keşfet #define #tiktok #definebulma #dogal #turkey,3303,3303,O bir defineci
246,,original sound,#keşfetteyizzz #defineci,26.6K,26600,O bir defineci
247,Omid,Hareeme Asheghi,#keşfet #defineci #tarihi,2608,2608,O bir defineci
248,@Але_алехандро21,orijinal ses,#defineciler #definebulma #defineci #kefseteyiz,2180,2180,O bir defineci
249,⭐️ᴼᶻᴳᵁN.11⭐️,orijinal ses,#keşfet #kefsetbeniöneçıkar,4302,4302,O bir defineci
250,STORİLİK,orijinal ses,#tiktok #defineci #keşfetteyizzz,18.1K,18100,O bir defineci
251,Priya,Originalton,#keşfet #define,21K,21000,O bir defineci
252,Kalbin1Ritim🖤,orijinal ses,#kefseteyizz,8126,8126,O bir defineci
253,,,#keşfet #define #definebulma #defineci #turkey,25.4K,25400,O bir defineci
254,Ebru kurt,orijinal ses,#kefseteyizz #defineci #definebulma #define #keşfet #turkiye,3290,3290,O bir defineci
255,Maşallah Yalvarici,orijinal ses,#keşfet #defineci,4011,4011,O bir defineci
256,Diroka Ezdixane,son original,#keşfet #defineci#define #turkiye,20.2K,20200,O bir defineci
257,ciwan,orijinal ses,#keşfet #defineci,2396,2396,O bir defineci
258,All.Ezidi,Originalton,#defin #definebulma #defineci #keşfet,9214,9214,O bir defineci
259,Mem Ararat,Xaçirêk,#turkey #keşfet #defineciler #dunyakobataado,12.8K,12800,O bir defineci
260,Homeyra,Dooreh Dooreh,#defineciler #keşfetteyizzz #tektek #keşfet #dunyakobataado #turkiye,29.2K,29200,O bir defineci
261,Fairuz,El Massih Kaam,#keşfetteyizzz #defineciler,13.1K,13100,O bir defineci
262,Murat2434,orijinal ses,#define #defineciler #keşfetteyizzz #keşfet #doga #tarihi,3208,3208,O bir defineci
263,Ayşe demir,orijinal ses,#keşfet #keşfetteyizzz #defineciler #define #doga,4893,4893,O bir defineci
264,🌼🌼🌼SEVILAY🌼🌼🌼,orijinal ses,#defineciler,6824,6824,O bir defineci
265,Beşir Kaya,Sallana Sallana,#keşfetteyizzz #keşfet #defineciler #define,3252,3252,O bir defineci
266,Ali Haydar Canbulat,orijinal ses,#keşfet #defineciler #define işaretleri #keşfetteyizzz #tarihi eserler,14.3K,14300,O bir defineci
267,Kibariye,Allah Vergisi,#defineciler #tarihi #keşfetteyizzz #define #keşfet,2589,2589,O bir defineci
268,O bir defineci,orijinal ses,#keşfet #keşfetteyizzz #define #defineciler #tarihi,2478,2478,O bir defineci
269,drmuzikk,orijinal ses,#defineciler #keşfet #keşfetteyizzz #define,15.9K,15900,O bir defineci
270,Samir🇦🇿🇺🇸,оригинальный звук,#keşfet #define #defineciler #keşfetteyizzz,2717,2717,O bir defineci
271,alik,Originalton,#dogal #defineciler #define #keşfet #tilsmagning,2501,2501,O bir defineci
272,munzurjiyan,orijinal ses,#define #defineciler #dogal #kefşet #tilsmagning,21.7K,21700,O bir defineci
273,İbrahim kaya,orijinal ses,#defineciler #dogal #kefşet #dogandcat,30.6K,30600,O bir defineci
274,Neriman Kayseri,Kahretmişim Hayata,#kefşet #defineciler,7608,7608,O bir defineci
275,gülcan kaya,Bende Şu Dünyaya Geldim Geleli,#kefşet #doğavideolari #definevideoları,17.8K,17800,O bir defineci
276,KURDÎ MUSÎC 💚☀️❤️,الصوت الأصلي,#definevideoları #doğavideolari,5239,5239,O bir defineci
277,pembee mezarlik✅,orijinal ses,,5279,5279,O bir defineci
278,🅱🆈.🅷🅰🅻🅸̇🅻💎,orijinal ses,#definevideoları #turkiye #doğavideolari #mardin #bursa #diyarbakır,17.7K,17700,O bir defineci
279,Ömer asaf özdemir,orijinal ses,#definevideoları #turkiye,2904,2904,O bir defineci
280,İbrahim Tatlıses,Yorgunum,#turkiye #iznik #defilecik #definevideoları #mardin #doğavideolari#bursa   #diyarbakır,3601,3601,O bir defineci
281,Karadeniz Akustik ♾️,orijinal ses,#mardin #bursa #definevideoları #DoğaVideolari #diyarbakır #iznik #turkiye,3177,3177,O bir defineci
282,,,,5637,5637,O bir defineci
283,Nilüfer Akbal,Dilo Yeman,,2331,2331,O bir defineci
284,Arabesk Diyarı,orijinal ses,,2538,2538,O bir defineci
285,O bir defineci,orijinal ses,,3912,3912,O bir defineci
286,Kazım Koyuncu,Gelevera Deresi (feat. Şevval Sam),,2745,2745,O bir defineci
287,TRT Arşiv,orijinal ses,##Turkiye,2865,2865,O bir defineci
288,Anoushirvan Rohani,Tarane Saal,,3154,3154,O bir defineci
289,Cavit Karabey,Vay Be,,2687,2687,O bir defineci
290,Cemile Sönmez,Meyrik (Uzun Hava),,5734,5734,O bir defineci
291,Devran Çağlar,Bir Kadın Yüzünden,Mardine selam olsun . . . #fyp #diyarbakır #mardin #defilecik #iznik #bursa #Turkiye #keşfet,5715,5715,O bir defineci
292,Ezgin Güzelgül,Gelmiş Bahar Geçmiş Yazlar,,7010,7010,O bir defineci
293,Bergen,Onu da Yak Tanrım,,3349,3349,O bir defineci
